{"train/epoch": 3, "train/step": 2324, "train/loss": 0.251953125, "_timestamp": 1719918259.5003757, "_runtime": 2564.708931684494, "_step": 2325, "eval/perplexity": 2.7773141860961914, "eval/loss": 1.021484375, "eval/rouge1": 0.2736895929514154, "eval/rouge2": 0.1368773491268072, "eval/rougeL": 0.20447830346289342, "avg_train_prep": 1.3034432729085286, "avg_train_loss": 0.2649130622545878, "avg_eval_prep": 2.7926488717397056, "avg_eval_loss": 1.026971737543742, "avg_epoch_time": 794.7166778903338, "avg_checkpoint_time": 0.7635379873293763, "_wandb": {"runtime": 2564}}