{
    "rouge1": 0.3621720686969474,
    "rouge2": 0.14461085118196293,
    "rougeL": 0.28006003814672453,
    "rougeLsum": 0.2798679475599005
}