{"train/epoch": 1, "train/step": 257, "train/loss": 0.271484375, "_timestamp": 1719919765.3085067, "_runtime": 331.08826875686646, "_step": 257}