{"train/epoch": 1, "train/step": 433, "train/loss": 0.271484375, "_timestamp": 1719919957.7266047, "_runtime": 523.5063667297363, "_step": 433}