{"train/epoch": 1, "train/step": 9, "train/loss": 1.3102422952651978, "_timestamp": 1721017555.7025216, "_runtime": 64.5131266117096, "_step": 10, "avg_train_prep": 3.072751045227051, "avg_train_loss": 1.1225732564926147, "avg_epoch_time": 3.3240578999975696, "avg_checkpoint_time": 0, "avg_eval_prep": 67.06768035888672, "avg_eval_loss": 4.205702304840088, "_wandb": {"runtime": 63}, "eval/perplexity": 67.06768035888672, "eval/loss": 4.205702304840088}