{"train/epoch": 1, "train/step": 774, "train/loss": 0.28412961959838867, "_timestamp": 1721187314.8078852, "_runtime": 3179.590264081955, "_step": 774, "_wandb": {"runtime": 3182}}